<?xml version="1.0" encoding="utf-8"?>
<!DOCTYPE install PUBLIC "-//Joomla! 1.5//DTD template 1.0//EN" "http://dev.joomla.org/xml/1.5/template-install.dtd">
<install version="1.5" type="template">
	<name>theme480</name>
	<creationDate>12 March 2010</creationDate>
	<author>Svetle</author>
	<authorEmail>info@template-help.com</authorEmail>
	<authorUrl>http://www.template-help.com</authorUrl>
	<copyright>Copyright  2003-2009 template-help.com. All Rights Reserved.</copyright>
	<license>GNU/GPL</license>
	<version>1.0.0</version>
	<description>this template for Joomla 1.5 is made by template-help.com</description>
	<files>
		<filename>templateDetails.xml</filename>
		<filename>index.php</filename>
		<filename>template_thumbnail.png</filename>
		<filename>css/template.css</filename>
		<filename>scripts/cufon-replace.js</filename>
		<filename>images/bg_input.png</filename>
		<filename>images/wrapper_button1.png</filename>
		<filename>images/wrapper_button.png</filename>
		<filename>images/list_marker.gif</filename>
		<filename>images/list_marker.png</filename>
		<filename>stories/img_1.jpg</filename>
		<filename>scripts/Arial_MT_400.font.js</filename>
		<filename>images/emailButton.png</filename>
		<filename>images/pdf_button.png</filename>
		<filename>images/printButton.png</filename>
		<filename>html/modules.php</filename>
		<filename>html/com_content/article/default.php</filename>
		<filename>html/com_content/category/blog_item.php</filename>
		<filename>html/com_content/section/blog_item.php</filename>
		<filename>html/com_content/frontpage/default_item.php</filename>
		<filename>images/content_border.png</filename>
		<filename>images/content_wrapper.png</filename>
		<filename>images/menu_button_right.png</filename>
		<filename>images/menu_button_left.png</filename>
		<filename>images/bg_search.gif</filename>
		<filename>images/searchButton.gif</filename>
		<filename>images/logo.png</filename>
		<filename>images/main_wrapper_center.jpg</filename>
		<filename>images/tail_site.jpg</filename>
		<filename>images/tail_content.jpg</filename>
		<filename>html/mod_login/default.php</filename>
		<filename>scripts/cufon-yui.js</filename>
		<filename>scripts/ie_png.js</filename>
		<filename>scripts/maxheight.js</filename>
		<filename>html/com_content/frontpage/default.php</filename>
		<filename>html/com_content/section/blog.php</filename>
		<filename>scripts/imagepreloader.js</filename>
		<filename>html/mod_search/default.php</filename>
		<filename>html/com_content/category/default_items.php</filename>
		<filename>html/com_weblinks/category/default_items.php</filename>
		<filename>html/com_poll/poll/default_graph.php</filename>
		<filename>html/com_newsfeeds/category/default_items.php</filename>
		<filename>css/constant.css</filename>
		<filename>html/com_search/search/default_form.php</filename>
		<filename>html/com_contact/contact/default_form.php</filename>
		<filename>html/com_contact/contact/default.php</filename>
		<filename>html/com_content/category/blog.php</filename>
		<filename>html/mod_poll/default.php</filename>
		<filename>html/com_user/user/form.php</filename>
		<filename>html/mod_whosonline/default.php</filename>
		<filename>html/com_user/reset/default.php</filename>
		<filename>html/com_user/reset/confirm.php</filename>
		<filename>html/com_user/register/default.php</filename>
		<filename>html/com_user/login/default_logout.php</filename>
		<filename>html/com_user/login/default_login.php</filename>
		<filename>html/com_weblinks/category/default.php</filename>
		<filename>html/com_user/remind/default.php</filename>
		<filename>html/com_poll/poll/default.php</filename>
		<filename>html/com_wrapper/wrapper/default.php</filename>
		<filename>html/com_content/category/default.php</filename>
		<filename>html/com_content/section/default.php</filename>
		<filename>html/com_weblinks/categories/default.php</filename>
		<filename>html/com_newsfeeds/newsfeed/default.php</filename>
		<filename>html/com_newsfeeds/categories/default.php</filename>
		<filename>html/com_newsfeeds/category/default.php</filename>
		<filename>html/com_search/search/default_results.php</filename>
		<filename>html/com_poll/poll/index.html</filename>
		<filename>html/com_poll/index.html</filename>
		<filename>html/mod_whosonline/index.html</filename>
		<filename>html/mod_search/index.html</filename>
		<filename>html/com_contact/contact/index.html</filename>
		<filename>html/com_contact/index.html</filename>
		<filename>html/com_weblinks/categories/index.html</filename>
		<filename>html/com_weblinks/category/index.html</filename>
		<filename>html/com_weblinks/index.html</filename>
		<filename>html/com_newsfeeds/categories/index.html</filename>
		<filename>html/com_newsfeeds/category/index.html</filename>
		<filename>html/com_newsfeeds/newsfeed/index.html</filename>
		<filename>html/com_newsfeeds/index.html</filename>
		<filename>html/com_search/search/index.html</filename>
		<filename>html/com_search/index.html</filename>
		<filename>html/com_user/index.html</filename>
		<filename>html/com_user/login/index.html</filename>
		<filename>html/com_user/register/index.html</filename>
		<filename>html/com_user/remind/index.html</filename>
		<filename>html/com_user/reset/index.html</filename>
		<filename>html/com_user/user/index.html</filename>
		<filename>stories/header_v8.swf</filename>
		<filename>images/box1-tail.png</filename>
		<filename>images/border-left.png</filename>
		<filename>images/border-bot.png</filename>
		<filename>images/border-right.png</filename>
		<filename>images/border-top.png</filename>
		<filename>images/box-tail.png</filename>
		<filename>html/com_content/frontpage/index.html</filename>
		<filename>html/com_content/article/index.html</filename>
		<filename>html/com_content/category/index.html</filename>
		<filename>html/com_content/index.html</filename>
		<filename>html/mod_login/index.html</filename>
		<filename>html/mod_poll/index.html</filename>
		<filename>html/index.html</filename>
		<filename>images/con_mobile.png</filename>
		<filename>images/con_tel.png</filename>
		<filename>images/con_info.png</filename>
		<filename>images/con_address.png</filename>
	</files>
	<positions>
		<position>left</position>
		<position>right</position>
		<position>top</position>
		<position>breadcrumb</position>
		<position>user1</position>
		<position>user2</position>
		<position>user3</position>
		<position>user4</position>
		<position>user5</position>
		<position>user6</position>
		<position>debug</position>
		<position>syndicate</position>
		<position>footer</position>
	</positions>
	<params>
	</params>
</install>
